Workbook

Sheet rankings
A1: Team # | B1: OPR | C1: Auto | D1: Rank | E1: Pre Display | F1: Team # | G1: OPR | H1: Auto | I1: Rank | J1: Beat Person | K1: Beat Person
A2: =IF(I2=1,F2,IF(I3=1,F3,IF(I4=1,F4,"None"))) -> #00000 | B2: =IF(I2=1,G2,IF(I3=1,G3,IF(I4=1,G4,"None"))) -> 1.3333333 | C2: =IF(I2=1,H2,IF(I3=1,H3,IF(I4=1,H4,"None"))) -> 3.6666667 | D2: 1 | F2: #00000 | G2: =qualificationMatches!J15 -> 1.3333333 | H2: =qualificationMatches!S15 -> 3.6666667 | I2: =IF(H2="",1,3-(J2+K2)) -> 1 | J2: =IF(G2>G3,1,IF(AND(G2=G3,H2>H3),1,0)) -> 1 | K2: =IF(G2>G4,1,IF(AND(G2=G4,H2>H4),1,0)) -> 1
A3: =IF(I2=2,F2,IF(I3=2,F3,IF(I4=2,F4,"None"))) -> #32323 | B3: =IF(I2=2,G2,IF(I3=2,G3,IF(I4=2,G4,"None"))) -> 1 | C3: =IF(I2=2,H2,IF(I3=2,H3,IF(I4=2,H4,"None"))) -> 5.3333333 | D3: 2 | F3: #00001 | G3: =qualificationMatches!K15 -> 0.66666667 | H3: =qualificationMatches!T15 -> 5.3333333 | I3: =IF(H3="",2,3-(J3+K3)) -> 3 | J3: =IF(G3>G4,1,IF(AND(G3=G4,H3>H4),1,0)) -> 0 | K3: =IF(G3>G2,1,IF(AND(G3=G2,H3>H2),1,0)) -> 0
A4: =IF(I2=3,F2,IF(I3=3,F3,IF(I4=3,F4,"None"))) -> #00001 | B4: =IF(I2=3,G2,IF(I3=3,G3,IF(I4=3,G4,"None"))) -> 0.66666667 | C4: =IF(I2=3,H2,IF(I3=3,H3,IF(I4=3,H4,"None"))) -> 5.3333333 | D4: 3 | F4: #32323 | G4: =qualificationMatches!L15 -> 1 | H4: =qualificationMatches!U15 -> 5.3333333 | I4: =IF(H4="",3,3-(J4+K4)) -> 2 | J4: =IF(G4>G2,1,IF(AND(G4=G2,H4>H2),1,0)) -> 0 | K4: =IF(G4>G3,1,IF(AND(G4=G3,H4>H3),1,0)) -> 1

Sheet finalsMatches
A1: Match # | B1: Red Team | C1: Blue Team | D1: Red Score | E1: Blue Score | F1: Winner | H1: 0 OPR | I1: 1 OPR | J1: 32323 OPR | K1: 0 Color | L1: 1 color | M1: 32323 color | N1: #00000 Won? | O1: #00001 Won? | P1: #32323 Won?
A2: 1 | F2: =IF(D2="","",IF(D2>E2,"Red",IF(E2>D2,"Blue","Tie"))) | H2: =IF(K2="None","",IF(N2,2,IF(F2="Tie",1,0))) | I2: =IF(L2="None","",IF(O2,2,IF(F2="Tie",1,0))) | J2: =IF(M2="None","",IF(P2,2,IF(F2="Tie",1,0))) | K2: =IF(B2="#00000","Red",IF(C2="#00000","Blue","None")) -> None | L2: =IF(B2="#00001","Red",IF(C2="#00001","Blue","None")) -> None | M2: =IF(B2="#32323","Red",IF(C2="#32323","Blue","None")) -> None | N2: =OR(AND(K2="Red",F2="Red"),AND(K2="Blue",F2="Blue")) -> FALSE | O2: =OR(AND(L2="Red",F2="Red"),AND(L2="Blue",F2="Blue")) -> FALSE | P2: =OR(AND(M2="Red",F2="Red"),AND(M2="Blue",F2="Blue")) -> FALSE
A3: 2 | F3: =IF(D3="","",IF(D3>E3,"Red",IF(E3>D3,"Blue","Tie"))) | H3: =IF(K3="None","",IF(N3,2,IF(F3="Tie",1,0))) | I3: =IF(L3="None","",IF(O3,2,IF(F3="Tie",1,0))) | J3: =IF(M3="None","",IF(P3,2,IF(F3="Tie",1,0))) | K3: =IF(B3="#00000","Red",IF(C3="#00000","Blue","None")) -> None | L3: =IF(B3="#00001","Red",IF(C3="#00001","Blue","None")) -> None | M3: =IF(B3="#32323","Red",IF(C3="#32323","Blue","None")) -> None | N3: =OR(AND(K3="Red",F3="Red"),AND(K3="Blue",F3="Blue")) -> FALSE | O3: =OR(AND(L3="Red",F3="Red"),AND(L3="Blue",F3="Blue")) -> FALSE | P3: =OR(AND(M3="Red",F3="Red"),AND(M3="Blue",F3="Blue")) -> FALSE
A4: 3 | F4: =IF(D4="","",IF(D4>E4,"Red",IF(E4>D4,"Blue","Tie"))) | H4: =IF(K4="None","",IF(N4,2,IF(F4="Tie",1,0))) | I4: =IF(L4="None","",IF(O4,2,IF(F4="Tie",1,0))) | J4: =IF(M4="None","",IF(P4,2,IF(F4="Tie",1,0))) | K4: =IF(B4="#00000","Red",IF(C4="#00000","Blue","None")) -> None | L4: =IF(B4="#00001","Red",IF(C4="#00001","Blue","None")) -> None | M4: =IF(B4="#32323","Red",IF(C4="#32323","Blue","None")) -> None | N4: =OR(AND(K4="Red",F4="Red"),AND(K4="Blue",F4="Blue")) -> FALSE | O4: =OR(AND(L4="Red",F4="Red"),AND(L4="Blue",F4="Blue")) -> FALSE | P4: =OR(AND(M4="Red",F4="Red"),AND(M4="Blue",F4="Blue")) -> FALSE
H5: AVR OPR | I5: AVR OPR | J5: AVR OPR
H6: =IF(H2="","",AVERAGE(H2:H5)) | I6: =IF(I2="","",AVERAGE(I2:I5)) | J6: =IF(J2="","",AVERAGE(J2:J5))

Sheet qualificationMatches
A1: Match # | B1: Red Team | C1: Blue Team | D1: Red Score | E1: Blue Score | F1: Winner | G1: Red Auton | H1: Blue Auton | J1: 0 OPR | K1: 1 OPR | L1: 32323 OPR | M1: 0 Color | N1: 1 color | O1: 32323 color | P1: #00000 Won? | Q1: #00001 Won? | R1: #32323 Won? | S1: #00000 Auton | T1: #00001 Auton | U1: #32323 Auton
A2: 1 | B2: #32323 | C2: #00000 | D2: 8 | E2: 8 | F2: =IF(D2="","",IF(D2>E2,"Red",IF(E2>D2,"Blue","Tie"))) -> Tie | G2: 5 | H2: 6 | I2: Practice | J2: =IF(M2="None","",IF(F2="","", IF(P2,2,IF(F2="Tie",1,0)))) -> 1 | K2: =IF(N2="None","",IF(F2="","",IF(Q2,2,IF(F2="Tie",1,0)))) | L2: =IF(O2="None","",IF(F2="","", IF(R2,2,IF(F2="Tie",1,0)))) -> 1 | M2: =IF(B2="#00000","Red",IF(C2="#00000","Blue","None")) -> Blue | N2: =IF(B2="#00001","Red",IF(C2="#00001","Blue","None")) -> None | O2: =IF(B2="#32323","Red",IF(C2="#32323","Blue","None")) -> Red | P2: =OR(AND(M2="Red",F2="Red"),AND(M2="Blue",F2="Blue")) -> FALSE | Q2: =OR(AND(N2="Red",F2="Red"),AND(N2="Blue",F2="Blue")) -> FALSE | R2: =OR(AND(O2="Red",F2="Red"),AND(O2="Blue",F2="Blue")) -> FALSE | S2: =IF(M2="Red",G2,IF(M2="Blue",H2,"")) -> 6 | T2: =IF(N2="Red",G2,IF(N2="Blue",H2,"")) | U2: =IF(O2="Red",G2,IF(O2="Blue",H2,"")) -> 5
A3: 2 | B3: #00000 | C3: #00001 | D3: 10 | E3: 9 | F3: =IF(D3="","",IF(D3>E3,"Red",IF(E3>D3,"Blue","Tie"))) -> Red | G3: 100 | H3: 20 | I3: Practice | J3: =IF(M3="None","",IF(F3="","", IF(P3,2,IF(F3="Tie",1,0)))) -> 2 | K3: =IF(N3="None","",IF(F3="","",IF(Q3,2,IF(F3="Tie",1,0)))) -> 0 | L3: =IF(O3="None","",IF(F3="","", IF(R3,2,IF(F3="Tie",1,0)))) | M3: =IF(B3="#00000","Red",IF(C3="#00000","Blue","None")) -> Red | N3: =IF(B3="#00001","Red",IF(C3="#00001","Blue","None")) -> Blue | O3: =IF(B3="#32323","Red",IF(C3="#32323","Blue","None")) -> None | P3: =OR(AND(M3="Red",F3="Red"),AND(M3="Blue",F3="Blue")) -> TRUE | Q3: =OR(AND(N3="Red",F3="Red"),AND(N3="Blue",F3="Blue")) -> FALSE | R3: =OR(AND(O3="Red",F3="Red"),AND(O3="Blue",F3="Blue")) -> FALSE | S3: =IF(M3="Red",G3,IF(M3="Blue",H3,"")) -> 100 | T3: =IF(N3="Red",G3,IF(N3="Blue",H3,"")) -> 20 | U3: =IF(O3="Red",G3,IF(O3="Blue",H3,""))
A4: 3 | B4: #00001 | C4: #32323 | D4: 1 | E4: 6 | F4: =IF(D4="","",IF(D4>E4,"Red",IF(E4>D4,"Blue","Tie"))) -> Blue | G4: 9 | H4: 8 | I4: Practice | J4: =IF(M4="None","",IF(F4="","", IF(P4,2,IF(F4="Tie",1,0)))) | K4: =IF(N4="None","",IF(F4="","",IF(Q4,2,IF(F4="Tie",1,0)))) -> 0 | L4: =IF(O4="None","",IF(F4="","", IF(R4,2,IF(F4="Tie",1,0)))) -> 2 | M4: =IF(B4="#00000","Red",IF(C4="#00000","Blue","None")) -> None | N4: =IF(B4="#00001","Red",IF(C4="#00001","Blue","None")) -> Red | O4: =IF(B4="#32323","Red",IF(C4="#32323","Blue","None")) -> Blue | P4: =OR(AND(M4="Red",F4="Red"),AND(M4="Blue",F4="Blue")) -> FALSE | Q4: =OR(AND(N4="Red",F4="Red"),AND(N4="Blue",F4="Blue")) -> FALSE | R4: =OR(AND(O4="Red",F4="Red"),AND(O4="Blue",F4="Blue")) -> TRUE | S4: =IF(M4="Red",G4,IF(M4="Blue",H4,"")) | T4: =IF(N4="Red",G4,IF(N4="Blue",H4,"")) -> 9 | U4: =IF(O4="Red",G4,IF(O4="Blue",H4,"")) -> 8
A5: 4 | B5: #32323 | C5: #00000 | D5: 3 | E5: 7 | F5: =IF(D5="","",IF(D5>E5,"Red",IF(E5>D5,"Blue","Tie"))) -> Blue | G5: 6 | H5: 1 | J5: =IF(M5="None","",IF(F5="","", IF(P5,2,IF(F5="Tie",1,0)))) -> 2 | K5: =IF(N5="None","",IF(F5="","",IF(Q5,2,IF(F5="Tie",1,0)))) | L5: =IF(O5="None","",IF(F5="","", IF(R5,2,IF(F5="Tie",1,0)))) -> 0 | M5: =IF(B5="#00000","Red",IF(C5="#00000","Blue","None")) -> Blue | N5: =IF(B5="#00001","Red",IF(C5="#00001","Blue","None")) -> None | O5: =IF(B5="#32323","Red",IF(C5="#32323","Blue","None")) -> Red | P5: =OR(AND(M5="Red",F5="Red"),AND(M5="Blue",F5="Blue")) -> TRUE | Q5: =OR(AND(N5="Red",F5="Red"),AND(N5="Blue",F5="Blue")) -> FALSE | R5: =OR(AND(O5="Red",F5="Red"),AND(O5="Blue",F5="Blue")) -> FALSE | S5: =IF(M5="Red",G5,IF(M5="Blue",H5,"")) -> 1 | T5: =IF(N5="Red",G5,IF(N5="Blue",H5,"")) | U5: =IF(O5="Red",G5,IF(O5="Blue",H5,"")) -> 6
A6: 5 | B6: #00000 | C6: #00001 | D6: 15 | E6: 6 | F6: =IF(D6="","",IF(D6>E6,"Red",IF(E6>D6,"Blue","Tie"))) -> Red | G6: 2 | H6: 2 | J6: =IF(M6="None","",IF(F6="","", IF(P6,2,IF(F6="Tie",1,0)))) -> 2 | K6: =IF(N6="None","",IF(F6="","",IF(Q6,2,IF(F6="Tie",1,0)))) -> 0 | L6: =IF(O6="None","",IF(F6="","", IF(R6,2,IF(F6="Tie",1,0)))) | M6: =IF(B6="#00000","Red",IF(C6="#00000","Blue","None")) -> Red | N6: =IF(B6="#00001","Red",IF(C6="#00001","Blue","None")) -> Blue | O6: =IF(B6="#32323","Red",IF(C6="#32323","Blue","None")) -> None | P6: =OR(AND(M6="Red",F6="Red"),AND(M6="Blue",F6="Blue")) -> TRUE | Q6: =OR(AND(N6="Red",F6="Red"),AND(N6="Blue",F6="Blue")) -> FALSE | R6: =OR(AND(O6="Red",F6="Red"),AND(O6="Blue",F6="Blue")) -> FALSE | S6: =IF(M6="Red",G6,IF(M6="Blue",H6,"")) -> 2 | T6: =IF(N6="Red",G6,IF(N6="Blue",H6,"")) -> 2 | U6: =IF(O6="Red",G6,IF(O6="Blue",H6,""))
A7: 6 | B7: #00001 | C7: #32323 | D7: 4 | E7: 20 | F7: =IF(D7="","",IF(D7>E7,"Red",IF(E7>D7,"Blue","Tie"))) -> Blue | G7: 3 | H7: 4 | J7: =IF(M7="None","",IF(F7="","", IF(P7,2,IF(F7="Tie",1,0)))) | K7: =IF(N7="None","",IF(F7="","",IF(Q7,2,IF(F7="Tie",1,0)))) -> 0 | L7: =IF(O7="None","",IF(F7="","", IF(R7,2,IF(F7="Tie",1,0)))) -> 2 | M7: =IF(B7="#00000","Red",IF(C7="#00000","Blue","None")) -> None | N7: =IF(B7="#00001","Red",IF(C7="#00001","Blue","None")) -> Red | O7: =IF(B7="#32323","Red",IF(C7="#32323","Blue","None")) -> Blue | P7: =OR(AND(M7="Red",F7="Red"),AND(M7="Blue",F7="Blue")) -> FALSE | Q7: =OR(AND(N7="Red",F7="Red"),AND(N7="Blue",F7="Blue")) -> FALSE | R7: =OR(AND(O7="Red",F7="Red"),AND(O7="Blue",F7="Blue")) -> TRUE | S7: =IF(M7="Red",G7,IF(M7="Blue",H7,"")) | T7: =IF(N7="Red",G7,IF(N7="Blue",H7,"")) -> 3 | U7: =IF(O7="Red",G7,IF(O7="Blue",H7,"")) -> 4
A8: 7 | B8: #32323 | C8: #00000 | D8: 4 | E8: 20 | F8: =IF(D8="","",IF(D8>E8,"Red",IF(E8>D8,"Blue","Tie"))) -> Blue | G8: 5 | H8: 7 | J8: =IF(M8="None","",IF(F8="","", IF(P8,2,IF(F8="Tie",1,0)))) -> 2 | K8: =IF(N8="None","",IF(F8="","",IF(Q8,2,IF(F8="Tie",1,0)))) | L8: =IF(O8="None","",IF(F8="","", IF(R8,2,IF(F8="Tie",1,0)))) -> 0 | M8: =IF(B8="#00000","Red",IF(C8="#00000","Blue","None")) -> Blue | N8: =IF(B8="#00001","Red",IF(C8="#00001","Blue","None")) -> None | O8: =IF(B8="#32323","Red",IF(C8="#32323","Blue","None")) -> Red | P8: =OR(AND(M8="Red",F8="Red"),AND(M8="Blue",F8="Blue")) -> TRUE | Q8: =OR(AND(N8="Red",F8="Red"),AND(N8="Blue",F8="Blue")) -> FALSE | R8: =OR(AND(O8="Red",F8="Red"),AND(O8="Blue",F8="Blue")) -> FALSE | S8: =IF(M8="Red",G8,IF(M8="Blue",H8,"")) -> 7 | T8: =IF(N8="Red",G8,IF(N8="Blue",H8,"")) | U8: =IF(O8="Red",G8,IF(O8="Blue",H8,"")) -> 5
A9: 8 | B9: #00000 | C9: #00001 | D9: 7 | E9: 8 | F9: =IF(D9="","",IF(D9>E9,"Red",IF(E9>D9,"Blue","Tie"))) -> Blue | G9: 9 | H9: 10 | J9: =IF(M9="None","",IF(F9="","", IF(P9,2,IF(F9="Tie",1,0)))) -> 0 | K9: =IF(N9="None","",IF(F9="","",IF(Q9,2,IF(F9="Tie",1,0)))) -> 2 | L9: =IF(O9="None","",IF(F9="","", IF(R9,2,IF(F9="Tie",1,0)))) | M9: =IF(B9="#00000","Red",IF(C9="#00000","Blue","None")) -> Red | N9: =IF(B9="#00001","Red",IF(C9="#00001","Blue","None")) -> Blue | O9: =IF(B9="#32323","Red",IF(C9="#32323","Blue","None")) -> None | P9: =OR(AND(M9="Red",F9="Red"),AND(M9="Blue",F9="Blue")) -> FALSE | Q9: =OR(AND(N9="Red",F9="Red"),AND(N9="Blue",F9="Blue")) -> TRUE | R9: =OR(AND(O9="Red",F9="Red"),AND(O9="Blue",F9="Blue")) -> FALSE | S9: =IF(M9="Red",G9,IF(M9="Blue",H9,"")) -> 9 | T9: =IF(N9="Red",G9,IF(N9="Blue",H9,"")) -> 10 | U9: =IF(O9="Red",G9,IF(O9="Blue",H9,""))
A10: 9 | B10: #00001 | C10: #32323 | D10: 9 | E10: 11 | F10: =IF(D10="","",IF(D10>E10,"Red",IF(E10>D10,"Blue","Tie"))) -> Blue | G10: 11 | H10: 12 | J10: =IF(M10="None","",IF(F10="","", IF(P10,2,IF(F10="Tie",1,0)))) | K10: =IF(N10="None","",IF(F10="","",IF(Q10,2,IF(F10="Tie",1,0)))) -> 0 | L10: =IF(O10="None","",IF(F10="","", IF(R10,2,IF(F10="Tie",1,0)))) -> 2 | M10: =IF(B10="#00000","Red",IF(C10="#00000","Blue","None")) -> None | N10: =IF(B10="#00001","Red",IF(C10="#00001","Blue","None")) -> Red | O10: =IF(B10="#32323","Red",IF(C10="#32323","Blue","None")) -> Blue | P10: =OR(AND(M10="Red",F10="Red"),AND(M10="Blue",F10="Blue")) -> FALSE | Q10: =OR(AND(N10="Red",F10="Red"),AND(N10="Blue",F10="Blue")) -> FALSE | R10: =OR(AND(O10="Red",F10="Red"),AND(O10="Blue",F10="Blue")) -> TRUE | S10: =IF(M10="Red",G10,IF(M10="Blue",H10,"")) | T10: =IF(N10="Red",G10,IF(N10="Blue",H10,"")) -> 11 | U10: =IF(O10="Red",G10,IF(O10="Blue",H10,"")) -> 12
A11: 10 | B11: #32323 | C11: #00000 | D11: 12 | E11: 23 | F11: =IF(D11="","",IF(D11>E11,"Red",IF(E11>D11,"Blue","Tie"))) -> Blue | G11: 0 | H11: 2 | J11: =IF(M11="None","",IF(F11="","", IF(P11,2,IF(F11="Tie",1,0)))) -> 2 | K11: =IF(N11="None","",IF(F11="","",IF(Q11,2,IF(F11="Tie",1,0)))) | L11: =IF(O11="None","",IF(F11="","", IF(R11,2,IF(F11="Tie",1,0)))) -> 0 | M11: =IF(B11="#00000","Red",IF(C11="#00000","Blue","None")) -> Blue | N11: =IF(B11="#00001","Red",IF(C11="#00001","Blue","None")) -> None | O11: =IF(B11="#32323","Red",IF(C11="#32323","Blue","None")) -> Red | P11: =OR(AND(M11="Red",F11="Red"),AND(M11="Blue",F11="Blue")) -> TRUE | Q11: =OR(AND(N11="Red",F11="Red"),AND(N11="Blue",F11="Blue")) -> FALSE | R11: =OR(AND(O11="Red",F11="Red"),AND(O11="Blue",F11="Blue")) -> FALSE | S11: =IF(M11="Red",G11,IF(M11="Blue",H11,"")) -> 2 | T11: =IF(N11="Red",G11,IF(N11="Blue",H11,"")) | U11: =IF(O11="Red",G11,IF(O11="Blue",H11,"")) -> 0
A12: 11 | B12: #00000 | C12: #00001 | D12: 56 | E12: 89 | F12: =IF(D12="","",IF(D12>E12,"Red",IF(E12>D12,"Blue","Tie"))) -> Blue | G12: 1 | H12: 2 | J12: =IF(M12="None","",IF(F12="","", IF(P12,2,IF(F12="Tie",1,0)))) -> 0 | K12: =IF(N12="None","",IF(F12="","",IF(Q12,2,IF(F12="Tie",1,0)))) -> 2 | L12: =IF(O12="None","",IF(F12="","", IF(R12,2,IF(F12="Tie",1,0)))) | M12: =IF(B12="#00000","Red",IF(C12="#00000","Blue","None")) -> Red | N12: =IF(B12="#00001","Red",IF(C12="#00001","Blue","None")) -> Blue | O12: =IF(B12="#32323","Red",IF(C12="#32323","Blue","None")) -> None | P12: =OR(AND(M12="Red",F12="Red"),AND(M12="Blue",F12="Blue")) -> FALSE | Q12: =OR(AND(N12="Red",F12="Red"),AND(N12="Blue",F12="Blue")) -> TRUE | R12: =OR(AND(O12="Red",F12="Red"),AND(O12="Blue",F12="Blue")) -> FALSE | S12: =IF(M12="Red",G12,IF(M12="Blue",H12,"")) -> 1 | T12: =IF(N12="Red",G12,IF(N12="Blue",H12,"")) -> 2 | U12: =IF(O12="Red",G12,IF(O12="Blue",H12,""))
A13: 12 | B13: #00001 | C13: #32323 | D13: 0 | E13: 1 | F13: =IF(D13="","",IF(D13>E13,"Red",IF(E13>D13,"Blue","Tie"))) -> Blue | G13: 4 | H13: 5 | J13: =IF(M13="None","",IF(F13="","", IF(P13,2,IF(F13="Tie",1,0)))) | K13: =IF(N13="None","",IF(F13="","",IF(Q13,2,IF(F13="Tie",1,0)))) -> 0 | L13: =IF(O13="None","",IF(F13="","", IF(R13,2,IF(F13="Tie",1,0)))) -> 2 | M13: =IF(B13="#00000","Red",IF(C13="#00000","Blue","None")) -> None | N13: =IF(B13="#00001","Red",IF(C13="#00001","Blue","None")) -> Red | O13: =IF(B13="#32323","Red",IF(C13="#32323","Blue","None")) -> Blue | P13: =OR(AND(M13="Red",F13="Red"),AND(M13="Blue",F13="Blue")) -> FALSE | Q13: =OR(AND(N13="Red",F13="Red"),AND(N13="Blue",F13="Blue")) -> FALSE | R13: =OR(AND(O13="Red",F13="Red"),AND(O13="Blue",F13="Blue")) -> TRUE | S13: =IF(M13="Red",G13,IF(M13="Blue",H13,"")) | T13: =IF(N13="Red",G13,IF(N13="Blue",H13,"")) -> 4 | U13: =IF(O13="Red",G13,IF(O13="Blue",H13,"")) -> 5
J14: AVR OPR | K14: AVR OPR | L14: AVR OPR | S14: AVR AUTON | T14: AVR AUTON | U14: AVR AUTON
J15: =IF(AND(J5="",J6=""),"",AVERAGE(J5:J13)) -> 1.3333333 | K15: =IF(AND(K5="",K6=""),"",AVERAGE(K5:K13)) -> 0.66666667 | L15: =IF(AND(L5="",L6=""),"",AVERAGE(L5:L13)) -> 1 | S15: =IF(AND(S5="",S6=""),"",AVERAGE(S5:S13)) -> 3.6666667 | T15: =IF(AND(T5="",T6=""),"",AVERAGE(T5:T13)) -> 5.3333333 | U15: =IF(AND(U5="",U6=""),"",AVERAGE(U5:U13)) -> 5.3333333
